<?xml version="1.0" encoding="UTF-8" standalone="yes"?>
<resourceDescriptor critical="false" date="22-03-23" description="Modeling Tool Integration Plugins (MTIP) Cameo Plugin for importing and exporting data using the HUDS XML format." group="Trent Severson Resource" homePage="" id="70001" mdVersionMax="higher" mdVersionMin="17.0" name="mtip" product="mtip" restartMagicdraw="true" type="Plugin">
    <version human="1.0" internal="100010" resource="1000100"/>
    <provider email="" homePage="" name="MTIP"/>
    <edition>Reader</edition>
    <edition>Community</edition>
    <edition>Standard</edition>
    <edition>Professional Java</edition>
    <edition>Professional C++</edition>
    <edition>Professional C#</edition>
    <edition>Professional</edition>
    <edition>Architect</edition>
    <edition>Enterprise</edition>
    <installation>
        <file from="plugins/mtip/MTIPCSMPlugin.jar" to="plugins/mtip/MTIPCSMPlugin.jar"/>
        <file from="plugins/mtip/plugin.xml" to="plugins/mtip/plugin.xml"/>
    </installation>
</resourceDescriptor>
